{"cameraMode":{"drawMode":0,"name":"Shaded","section":"Shading Mode"},"sceneLighting":false,"audioPlay":false,"sceneViewState":{"m_AlwaysRefresh":false,"showFog":true,"showSkybox":false,"showFlares":true,"showImageEffects":true,"showParticleSystems":true,"showVisualEffectGraphs":true,"m_FxEnabled":true},"in2DMode":false,"pivot":{"x":-1.1729528903961182,"y":1.465102195739746,"z":-0.07834732532501221},"rotation":{"x":0.20877091586589814,"y":-0.0005957427783869207,"z":0.00011350110435159877,"w":0.9779922962188721},"size":2.338467836380005,"orthographic":false}